Population (2020),Density (P/KmÂ²)
1438207241,153
1377233523,464
330610570,36
272931713,151
219992900,287
212253150,25
205052107,226
164354176,1265
145922010,9
128655589,66
126552765,347
114357494,115
109280343,368
101930276,103
97160127,314
88972681,40
84153250,110
83771587,52
83730223,240
69764925,137
67814098,281
65244628,119
60479424,206
59368313,67
59154802,49
54335948,83
53521116,94
51260395,527
50771878,46
46751175,94
45427637,229
45111229,17
43685618,18
43632213,25
43785122,75
40031626,93
38742911,60
37854825,124
37674770,4
36820713,83
34701377,16
33368859,79
32876986,26
32644783,26
32280610,99
31067362,40
30936375,137
29687214,56
29027347,203
28451828,32
27539106,48
26405174,56
26239250,83
25756088,214
25439164,3
24014064,19
23808164,673
21395196,341
20780371,76
20125282,17
19262731,84
19024426,203
19082804,26
18730568,7
18273379,25
17846248,167
17587526,71
17410293,95
17127290,508
16649599,87
16671185,95
16324440,13
15798020,25
14818157,38
13056478,53
12883878,525
12055347,108
11814346,463
11793319,76
11640159,11
11579477,383
11373955,414
11327988,106
11166783,18
10825682,225
10705012,139
10433037,81
10182442,115
10202571,111
10120555,123
10086531,25
9871892,89
9865845,118
9665192,107
9492342,68
9449940,47
8996022,109
8911530,20
8744288,100
8627444,400
8641786,219
8237580,152
7942879,111
7484618,7140
7253719,32
7114524,18
6958627,64
6852010,4
6831445,667
6608366,55
6501804,34
6479609,313
6012850,13
5840996,8358
5788108,137
5539002,18
5489191,16
5459116,114
5412632,15
5078933,16
5076280,847
5084636,100
5032469,53
4926480,72
4812256,8
4814272,18
4623535,5
4300667,58
4257495,240
4110214,73
4035814,123
3990681,57
3536285,35
3471314,20
3284806,64
3267320,2
2962137,104
2958567,273
2870922,248
2878420,105
2874636,323
2729553,43
2531290,3
2402083,239
2341649,4
2214593,9
2138799,71
2083391,83
2078881,103
1958132,70
1890218,30
1688629,2239
1392950,50
1398579,273
1326357,31
1313184,89
1271347,626
1205577,131
1157707,67
985027,43
895128,49
894017,358
865696,467
785788,4
769867,20
683301,25
647508,21645
628050,47
623861,242
594215,2
585561,4
554750,138
538558,1802
441308,1380
436624,83
400110,237
396120,17
392477,39
375323,354
340795,3
305623,25
297029,4
287305,668
284938,16
280580,77
271417,728
218308,228
198147,70
183458,301
173536,915
168474,313
163958,370
119069,147
114776,164
112418,331
110869,284
106675,593
105449,147
104456,298
98224,214
97764,223
